Name,Gender,PersonalityType
Harrison Newton,Male,INTP
Albert Hemsworth,Male,INTP
Isaac Ford,Male,ENFJ
Taylor Musk,Female,ESTP
Nikola Curie,Male,INFP
Srinivasa Reeves,Female,ESTP
Natalie Lawrence,Female,ENFJ
Marie Tesla,Male,ENTP
Denzel Turing,Female,INFP
Leonardo Jobs,Female,ESFP
Alan Obama,Male,ISFJ
Srinivasa Hemsworth,Male,INTP
Emma Downey,Male,ISTP
Angela Roberts,Female,ISTP
Natalie Musk,Female,ESFP
Scarlett Freeman,Male,INFP
Nikola Obama,Male,ESTJ
Chris Fenty,Male,ISFJ
Harrison Jobs,Female,ENFP
Leonardo Swift,Female,INTJ
Angelina Weaver,Female,ENFP
Harrison Ramanujan,Male,ESFJ
Keanu Knowles,Female,ENFJ
Marie Hanks,Female,ESFJ
Angela Lovelace,Male,ESTJ
Angelina Hawking,Male,ESTP
Marie Roberts,Male,ESFP
Galileo Washington,Female,ENFJ
Angelina Hemsworth,Male,ENTJ
Stephen Craig,Female,ENFP
Benedict Freeman,Male,ENTP
Charles Curie,Female,ISTJ
Emma Weaver,Male,ESTJ
Rihanna Swift,Male,INFP
Elon Curie,Male,INTP
Rosalind Lovelace,Male,ESTJ
Sigourney Freeman,Male,ISTP
Denzel Ramanujan,Male,ISTP
Galileo Freeman,Male,ENTP
Elon Craig,Male,INTJ
Scarlett Ramanujan,Female,ENFJ
Albert Streep,Male,ESFJ
Rihanna Freeman,Male,ESFJ
Elon Merkel,Female,ESFP
Rihanna Ramanujan,Female,INFJ
Elon Tesla,Male,INTJ
Harrison Hawking,Female,ENFJ
Denzel Cuban,Male,INTP
Rosalind Winfrey,Male,ISFP
Angelina Fenty,Female,ESFJ
Srinivasa Roberts,Female,ENTP
Angelina Knowles,Female,ESFJ
Oprah Curie,Female,INFJ
Morgan Winfrey,Male,ISFJ
Charles Swift,Female,ISFJ
Marie Einstein,Female,ENTJ
Rosalind Newton,Male,ESTJ
Beyonce Cumberbatch,Female,INFP
Charles Hanks,Male,ENFJ
Denzel Fenty,Male,ISFP
Harrison Curie,Male,ISTJ
Chris Winfrey,Male,ENTP
Harrison Cumberbatch,Female,ENTP
Meryl Reeves,Male,ESTP
Robert Washington,Male,ESTJ
Taylor Galilei,Male,INFP
Beyonce Johansson,Female,ENFJ
Albert Swift,Female,ESFP
Albert Darwin,Female,ENFJ
Elon Hawking,Male,INTP
Rihanna Franklin,Male,INTP
Alan Knowles,Female,ISTP
Robert Roberts,Male,ENTP
Galileo Jolie,Female,ISFJ
Angela Downey,Female,INTP
Mark Roberts,Male,INTP
Angelina Craig,Male,INTP
Rihanna Lovelace,Male,INTP
Brad Freeman,Female,INTJ
Albert Merkel,Female,INFP
Barack Portman,Male,ISFJ
Brad Winfrey,Male,INTJ
Jennifer Cuban,Male,INTP
Zuckerberg Lovelace,Female,ISTJ
Jennifer Lawrence,Female,ESFP
Ada Hanks,Female,ENTP
Ada Swift,Female,ENFJ
Charles Downey,Male,ISFP
Galileo Curie,Male,ESTP
Oprah Knowles,Male,ISFP
Beyonce Hanks,Male,ISTP
Zuckerberg Fenty,Male,ISTP
Brad Reeves,Female,ENTP
Taylor Streep,Female,INFP
Julia Roberts,Male,ENFP
Elon Knowles,Female,ENFP
Sigourney Fenty,Male,INFP
Nikola Tesla,Male,ESTJ
Oprah Fenty,Male,ENTP
Srinivasa Jolie,Male,INFP
Taylor Lovelace,Male,ENFP
Daniel Weaver,Female,ENTP
Scarlett Turing,Male,ESFP
Beyonce Freeman,Male,ISFP
Morgan Portman,Female,ISFP
Natalie Tesla,Male,ENTP
Keanu Freeman,Male,INFJ
Rosalind Streep,Male,INFJ
Angela Freeman,Female,ISTJ
Stephen Reeves,Female,INFP
Isaac Ramanujan,Female,ISTJ
Elon Turing,Male,ENFJ
Keanu Darwin,Male,ESFP
Emma Turing,Male,ISTJ
Jennifer Streep,Female,ISTP
Harrison Tesla,Male,ESFJ
Brad Jobs,Female,ESFP
Leonardo Downey,Male,ESTP
Natalie Johansson,Female,ESFP
Charles Cumberbatch,Male,ESFJ
Ada Lawrence,Male,ENFJ
Daniel Portman,Female,ESFJ
Meryl Lovelace,Female,ISFJ
Chris Hanks,Male,ISTP
Robert Franklin,Female,INTJ
Harrison Winfrey,Female,INTJ
Srinivasa Musk,Male,ESTJ
Albert Cuban,Female,ISTJ
Emma Jolie,Female,ESFJ
Jennifer Winfrey,Female,INFP
Jennifer Jobs,Female,ENTP
Scarlett Obama,Female,INTJ
Ada da Vinci,Male,INFJ
Sigourney Ramanujan,Male,ISFJ
Charles Freeman,Female,ISFP
Nikola Turing,Male,ENFJ
Chris Streep,Male,ISTJ
Zuckerberg Reeves,Female,ISFP
Stephen Streep,Male,ENFJ
Zuckerberg Portman,Female,ESTJ
Rihanna Johansson,Male,ENFP
Brad Newton,Male,ISTP
Benedict Weaver,Female,INTJ
Tom Jolie,Female,ISFJ
Benedict Obama,Female,ENFJ
Daniel Musk,Male,ENFJ
Barack Washington,Female,INFP
Morgan Jobs,Male,ISTJ
Benedict Hemsworth,Male,ESTJ
Elon Watson,Female,ISFP
Tom Obama,Male,ENFP
Nikola Lawrence,Female,ENFP
Chris Tesla,Female,ESTJ
Julia Franklin,Male,ENFP
Sigourney Galilei,Female,ENFJ
Oprah Washington,Female,ESTP
Meryl Jolie,Male,ISTP
Sigourney Downey,Female,INFJ
Stephen Obama,Female,ENTJ
Angela Turing,Female,ENFJ
Angela Johansson,Female,INTP
Meryl Pitt,Male,ESFP
Scarlett Knowles,Male,ENTP
Emma Hanks,Female,INFP
Albert Franklin,Male,ESFJ
Angelina Musk,Male,ENTP
Emma Watson,Male,ISTP
Scarlett Portman,Female,INTP
Taylor Roberts,Female,ENTJ
Denzel Ford,Male,ESTP
Alan Lawrence,Male,ESFJ
Rosalind Einstein,Female,ENTJ
Morgan Cuban,Female,ESTP
Angela Curie,Male,ESTJ
Charles Tesla,Female,ESFP
Mark Hawking,Female,ENTP
Stephen da Vinci,Female,ENFP
Leonardo Reeves,Male,ESTJ
Stephen Lovelace,Male,ISFJ
Angelina Washington,Female,ENTP
Alan Swift,Female,ENFP
Denzel Knowles,Male,ISFP
Scarlett Reeves,Male,ISTP
Oprah Cumberbatch,Male,ESFJ
Angela Jobs,Female,INTP
Chris Jobs,Male,INFJ
Angelina Cumberbatch,Male,ISFP
Morgan Jolie,Male,INFP
Marie Downey,Female,ISTJ
Srinivasa Merkel,Male,INTP
Tom da Vinci,Female,ISTJ
Meryl Weaver,Female,ISFJ
Chris Pitt,Female,INTJ
Julia Newton,Male,ENTP
Galileo Jobs,Male,ESFJ
Morgan Ford,Female,ESFJ
Meryl Hawking,Female,ENFJ
Oprah Portman,Female,ENFP
Barack Swift,Female,ISFJ
Robert Knowles,Male,ESFJ
Beyonce da Vinci,Male,ISTJ
Jennifer Watson,Female,ESTJ
Chris Watson,Male,INFJ
Taylor Cuban,Female,ENFJ
Scarlett Roberts,Male,ESFP
Beyonce Newton,Male,INFJ
Alan Newton,Male,ENTJ
Marie Ramanujan,Female,ENFJ
Keanu Einstein,Female,ENFP
Harrison Ford,Female,ISTP
Ada Hemsworth,Male,ENFP
Emma Portman,Female,ISFP
Benedict Reeves,Male,ESTJ
Julia Portman,Male,INFJ
Meryl Musk,Male,ISTP
Morgan Einstein,Female,ESTP
Srinivasa Fenty,Male,ISTJ
Morgan Darwin,Female,ISTJ
Marie Pitt,Female,ISFP
Daniel Franklin,Male,ISFJ
Marie Knowles,Female,ISTP
Julia Lovelace,Male,ISTJ
Angela Merkel,Female,INFJ
Daniel Streep,Male,ISTJ
Natalie Obama,Female,INFP
Chris Darwin,Male,ENFP
Morgan Hanks,Male,ESFP
Marie Craig,Female,ISTP
Rosalind Curie,Male,ESFJ
Scarlett Downey,Male,INFP
Srinivasa Pitt,Female,ESTJ
Taylor Tesla,Female,ESFP
Rosalind Turing,Male,ESTP
Srinivasa Streep,Female,ESTP
Julia Jobs,Male,INFJ
Galileo Merkel,Female,ISFJ
Beyonce Tesla,Male,ENFJ
Sigourney Washington,Female,ISFP
Ada Hawking,Male,ISTP
Charles Johansson,Female,INFP
Beyonce Roberts,Female,ISFP
Zuckerberg Cumberbatch,Male,ENTP
Stephen Hanks,Female,ENFP
Harrison Pitt,Female,ESFP
Barack Cuban,Male,ENTJ
Charles Newton,Female,ESFP
Sigourney Cuban,Female,INTP
Ada Watson,Male,ENTJ
Emma Reeves,Female,INFP
Meryl Obama,Male,ENTJ
Oprah Freeman,Male,ENTJ
Natalie Ford,Male,INFJ
Angelina Portman,Male,ESFJ
Rosalind Ramanujan,Female,ESTJ
Galileo da Vinci,Female,ENTP
Brad Obama,Male,ENTP
Albert Lawrence,Female,ESTP
Galileo Johansson,Male,INFJ
Brad Einstein,Female,ESFP
Mark Freeman,Female,ESFP
Jennifer Hawking,Female,INTP
Oprah Newton,Male,INTP
Morgan Swift,Female,ISTJ
Isaac Weaver,Female,ESFP
Meryl Ford,Female,ESTP
Isaac Cumberbatch,Female,ENFP
Keanu Craig,Female,INFP
Brad Hanks,Female,ISTJ
Leonardo Lovelace,Male,ESFJ
Meryl Hemsworth,Male,ISFP
Jennifer Musk,Male,ISFP
Robert Reeves,Female,ISTP
Leonardo Pitt,Female,INFP
Tom Turing,Female,ISTJ
Brad Tesla,Female,ESFJ
Alan Winfrey,Male,INTJ
Morgan Cumberbatch,Male,ISTP
Julia Knowles,Female,ISTP
Angelina Ford,Female,ENFJ
Stephen Roberts,Female,INTP
Jennifer Freeman,Male,ISFJ
Denzel Craig,Female,ENTJ
Brad Roberts,Female,ISFJ
Rihanna Hanks,Female,ENTP
Robert Tesla,Male,INFP
Keanu Ramanujan,Female,ESTP
Meryl Merkel,Male,ENTP
Brad Jolie,Female,ISTP
Emma Jobs,Male,INFJ
Leonardo Cumberbatch,Male,INFP
Sigourney Pitt,Male,ISTJ
Galileo Weaver,Male,ISFJ
Tom Ramanujan,Male,ISTJ
Alan Johansson,Female,ESTP
Rosalind Knowles,Male,ENTJ
Sigourney Craig,Female,INFJ
Chris Johansson,Male,ISFJ
Alan Roberts,Female,INTJ
Tom Merkel,Male,ENTP
Barack Watson,Male,ISTP
Sigourney Reeves,Male,ESFP
Barack Galilei,Female,ESTP
Rosalind Watson,Male,ENFJ
Meryl Lawrence,Male,ESTP
Julia Lawrence,Male,INFJ
Benedict Cuban,Male,ESTJ
Rihanna Portman,Female,ESFP
Taylor Jolie,Female,INTP
Keanu Obama,Female,ENTP
Sigourney da Vinci,Male,ISFJ
Rosalind Craig,Female,ENFJ
Mark Portman,Male,ISFJ
Elon Jolie,Female,ISTP
Rosalind Freeman,Female,ISTJ
Sigourney Watson,Female,ENFP
Isaac Newton,Female,ENFJ
Denzel Musk,Male,ENFP
Natalie Jolie,Male,ISFP
Marie Ford,Male,ENFP
Marie Jolie,Male,INFP
Beyonce Cuban,Male,ISTJ
Leonardo Obama,Female,ENFP
Zuckerberg Hanks,Male,ISFJ
Harrison Obama,Male,ISTP
Leonardo Ramanujan,Male,ESFP
Albert Roberts,Female,ENTP
Emma Cumberbatch,Female,ESFJ
Robert Fenty,Female,ESTP
Harrison Hemsworth,Male,ESTP
Natalie Reeves,Female,ENTJ
Zuckerberg Darwin,Female,ESTP
Rosalind Reeves,Male,ENTP
Zuckerberg Winfrey,Male,ISFP
Rihanna Washington,Female,ENFJ
Meryl Streep,Male,INFJ
Chris Cuban,Male,ISFP
Scarlett Craig,Male,INTJ
Daniel Washington,Male,INTP
Oprah Roberts,Male,ISFP
Alan Merkel,Female,ESFP
Charles Portman,Male,ISTP
Emma Craig,Male,ISTJ
Alan Turing,Male,ESFJ
Charles Jolie,Male,INFJ
Nikola Craig,Male,ISTJ
Jennifer Tesla,Female,ENFP
Keanu Hanks,Female,ISFP
Nikola Hemsworth,Male,ISFJ
Robert Streep,Male,ISFJ
Harrison Johansson,Male,ISTJ
Taylor Watson,Female,ENFP
Tom Lovelace,Female,ESFP
Galileo Streep,Male,ENTP
Alan Darwin,Female,ESFP
Emma Ford,Male,ESFP
Angelina Watson,Female,ESTJ
Harrison Washington,Male,ENTJ
Stephen Franklin,Male,ISFJ
Julia Ramanujan,Male,ESFJ
Beyonce Ramanujan,Female,ISFJ
Rosalind Lawrence,Male,ESTP
Denzel Hawking,Female,ENTP
Benedict Tesla,Male,ENFJ
Jennifer Cumberbatch,Female,ENFP
Chris Obama,Female,INFP
Sigourney Tesla,Male,ENTJ
Mark Tesla,Male,ENTJ
Tom Curie,Male,ISFJ
Sigourney Newton,Male,INFJ
Morgan Roberts,Female,ISTP
Zuckerberg Knowles,Female,INFP
Angela Hanks,Female,INTJ
Chris Lawrence,Female,ENTJ
Harrison Merkel,Female,ESTJ
Natalie da Vinci,Male,ESFP
Charles Musk,Female,ENFP
Angelina Swift,Female,ISFJ
Alan Einstein,Female,INTP
Scarlett Swift,Male,INFJ
Leonardo Hawking,Female,ISTP
Chris Knowles,Male,ENTP
Barack Lovelace,Female,INFP
Beyonce Lovelace,Male,ISFP
Emma Musk,Female,ISTP
Angelina da Vinci,Female,ESFJ
Oprah Weaver,Male,ENTJ
Julia da Vinci,Female,ENFP
Stephen Ford,Female,INFP
Natalie Streep,Male,ISTP
Emma Tesla,Female,ENTP
Jennifer Einstein,Male,INTJ
Meryl Portman,Male,ESFP
Ada Newton,Male,ENFJ
Natalie Ramanujan,Male,ISTJ
Beyonce Knowles,Female,INTP
Marie da Vinci,Female,ENFJ
Isaac Merkel,Male,ENFP
Scarlett Tesla,Female,ISTP
Tom Galilei,Male,INFJ
Scarlett Franklin,Male,ESFJ
Benedict Jolie,Female,ENTP
Nikola Swift,Male,ISFJ
Meryl Turing,Female,INTJ
Benedict Franklin,Male,ENTJ
Benedict Hanks,Male,ESFP
Mark Darwin,Female,ESTJ
Natalie Weaver,Male,INTP
Marie Winfrey,Male,INFJ
Angelina Turing,Male,ISFJ
Scarlett Washington,Female,ENFJ
Albert Turing,Female,ISTP
Charles Jobs,Male,ENFP
Keanu Ford,Female,INTJ
Benedict Pitt,Female,ENTP
Mark Merkel,Female,ESTP
Denzel Galilei,Female,INTJ
Keanu Johansson,Male,ISTJ
Srinivasa Ford,Female,ESTJ
Charles Turing,Male,ISTP
Elon Cuban,Male,ISTJ
Zuckerberg Weaver,Male,ESFP
Zuckerberg Pitt,Female,ENFP
Nikola Winfrey,Male,ENFP
Ada Jobs,Female,INFP
Denzel Obama,Female,ENFJ
Morgan Freeman,Female,ENTP
Denzel Franklin,Male,ESTJ
Marie Swift,Female,ENFP
Ada Jolie,Male,ESTJ
Angelina Roberts,Female,ESFJ
Isaac Freeman,Female,ESTJ
Chris Cumberbatch,Female,ISTJ
Denzel Cumberbatch,Female,ENFP
Scarlett Pitt,Female,INTJ
Leonardo Einstein,Male,ENFP
Julia Hemsworth,Female,ISFJ
Sigourney Knowles,Male,ISFP
Ada Franklin,Female,ENTJ
Srinivasa Johansson,Female,ENTJ
Julia Freeman,Female,ENTJ
Oprah Craig,Female,ISFP
Chris Musk,Male,ISFP
Morgan Tesla,Female,ESTP
Leonardo Merkel,Male,INTP
Keanu Roberts,Female,ENTP
Brad Musk,Female,ISFP
Alan Washington,Female,ESFJ
Marie Cumberbatch,Female,INTP
Elon Ramanujan,Female,ENTP
Barack Winfrey,Male,ESFP
Nikola Darwin,Male,ESTJ
Ada Downey,Male,ISTJ
Isaac Streep,Male,ISTJ
Leonardo da Vinci,Female,ISTP
Rihanna Jobs,Female,ISTJ
Taylor Franklin,Male,ESTJ
Sigourney Cumberbatch,Female,ISTJ
Srinivasa Lovelace,Female,ISFJ
Alan Musk,Male,ISTJ
Chris Washington,Female,ESFJ
Harrison Jolie,Female,ESFP
Rihanna Streep,Male,ENFP
Daniel Turing,Male,ISTJ
Leonardo Fenty,Male,INTJ
Chris Turing,Male,ISFJ
Ada Cuban,Male,ESTP
Beyonce Pitt,Female,ESTJ
Emma Hawking,Female,ISTP
Barack Jobs,Female,ESTP
Mark Musk,Female,INTJ
Ada Washington,Male,ISTP
Ada Obama,Female,ENTJ
Beyonce Lawrence,Female,ENTP
Oprah Turing,Male,INFJ
Albert Knowles,Male,ISFJ
Zuckerberg Swift,Male,ISTJ
Morgan Johansson,Male,ESFJ
Isaac Johansson,Female,ISTJ
Natalie Knowles,Female,ISTJ
Jennifer Ramanujan,Male,ISFP
Denzel Downey,Male,INFJ
Stephen Tesla,Female,ISTJ
Chris Swift,Female,ESFP
Benedict Lawrence,Male,ESFJ
Nikola Cuban,Male,ENFP
Angelina Downey,Female,ESFP
Marie Washington,Male,ESFP
Beyonce Watson,Male,ISFP
Emma Einstein,Female,ESFP
Harrison Swift,Female,ISTP
Angelina Darwin,Male,ISFJ
Angelina Freeman,Male,INFJ
Barack Freeman,Female,ESTP
Oprah Johansson,Male,INTP
Benedict Lovelace,Male,ENFP
Brad Turing,Female,ESFP
Daniel Johansson,Male,ISFP
Galileo Knowles,Female,ESFJ
Emma Lawrence,Female,ESTP
Denzel Curie,Male,INTP
Galileo Darwin,Female,ESTJ
Denzel Hanks,Male,ISTJ
Daniel Newton,Male,INFP
Jennifer Fenty,Female,INTJ
Angela Craig,Female,ENTP
Angela Reeves,Male,ENFJ
Marie Freeman,Male,ESFP
Daniel Cumberbatch,Male,ENFJ
Elon Ford,Male,ESFJ
Rihanna Downey,Female,INTP
Morgan Hawking,Male,ENTP
Robert Freeman,Female,ENFJ
Barack Ramanujan,Male,ISTJ
Zuckerberg Hawking,Male,ENTJ
Harrison Franklin,Female,ENTJ
Emma Darwin,Female,ESFJ
Natalie Hanks,Male,ENTP
Tom Fenty,Male,ESTJ
Oprah Lawrence,Female,ESFP
Angelina Tesla,Female,ESFJ
Stephen Galilei,Female,ENTJ
Sigourney Jobs,Male,ISTP
Keanu Jobs,Female,ENFJ
Alan Hemsworth,Female,ENFP
Sigourney Hawking,Male,ENFJ
Natalie Newton,Male,ENTJ
Leonardo Lawrence,Female,INTP
Charles Franklin,Male,INTP
Benedict Galilei,Female,INFJ
Harrison Streep,Male,INFP
Rosalind da Vinci,Male,ENTJ
Harrison Knowles,Male,ISFJ
Ada Curie,Female,INTP
Nikola Watson,Male,ENTP
Angelina Lovelace,Female,ESFP
Keanu Reeves,Male,ISFP
Beyonce Downey,Male,ENFP
Robert Obama,Male,ISFJ
Morgan Franklin,Male,ISFP
Morgan Fenty,Female,INTJ
Isaac Musk,Male,INTP
Sigourney Curie,Male,ESTJ
Isaac Knowles,Female,ISTP
Brad Downey,Male,INTJ
Brad Franklin,Female,ISFJ
Brad Darwin,Male,INFJ
Meryl Cumberbatch,Female,ISTJ
Stephen Jobs,Female,INTP
Rihanna Turing,Male,ISFP
Rihanna Curie,Male,INFP
Daniel Lovelace,Male,ESFP
Chris Hawking,Male,ENFJ
Mark Ford,Female,ESFJ
Tom Hanks,Male,ESTJ
Robert Pitt,Female,ISFJ
Morgan Reeves,Male,ESTP
Emma Newton,Male,ESFJ
Angela Hawking,Male,ESTP
Oprah Einstein,Female,INFJ
Taylor Ford,Male,INTJ
Barack Fenty,Male,ISTJ
Zuckerberg Downey,Male,ESTP
Keanu Turing,Male,ESTJ
Marie Curie,Female,INTP
Galileo Musk,Male,ENTP
Angela Obama,Male,INTP
Keanu Lawrence,Female,ENFP
Sigourney Einstein,Female,ENFJ
Isaac Roberts,Female,ENTP
Tom Portman,Male,ESTJ
Angela Darwin,Female,ESTJ
Nikola Downey,Female,ISFP
Srinivasa Darwin,Female,ENFJ
Srinivasa Freeman,Female,INFP
Sigourney Obama,Female,ESTJ
Tom Swift,Male,INTJ
Isaac Einstein,Male,ENTP
Ada Fenty,Male,ISTP
Albert Musk,Male,ISTJ
Natalie Roberts,Male,INTP
Charles Darwin,Male,INFJ
Brad Knowles,Female,INFP
Oprah Ramanujan,Male,ESTJ
Tom Einstein,Male,INFP
Nikola Musk,Male,INFP
Benedict Merkel,Female,ESTP
Rihanna Obama,Male,ESFJ
Rihanna Lawrence,Female,INFJ
Harrison Downey,Female,ENTJ
Rosalind Franklin,Male,ENFJ
Galileo Cumberbatch,Male,INTP
Morgan da Vinci,Female,ESFP
Alan da Vinci,Female,ENTJ
Taylor Ramanujan,Female,INFP
Ada Roberts,Female,ENFJ
Angelina Jolie,Female,ESTJ
Beyonce Musk,Female,INFP
Brad Weaver,Female,ISTJ
Mark Washington,Male,ENFP
Robert Ramanujan,Male,ESTJ
Emma Swift,Male,ISTP
Galileo Einstein,Female,INTJ
Rihanna Weaver,Male,ENFJ
Morgan Streep,Male,INFP
Emma Winfrey,Female,ESFJ
Leonardo Winfrey,Female,ISTP
Mark Craig,Male,ISFP
Jennifer Reeves,Female,ESFP
Keanu Curie,Male,INTP
Galileo Franklin,Female,INTP
Zuckerberg Musk,Female,ISTP
Taylor Newton,Female,ISFJ
Ada Reeves,Male,ISFJ
Ada Craig,Female,ISTP
Beyonce Craig,Male,ENTP
Denzel Merkel,Female,ISFJ
Mark Pitt,Male,ESFP
Stephen Einstein,Female,INTP
Srinivasa Weaver,Male,ENTJ
Angela Musk,Male,ESFJ
Rosalind Hemsworth,Female,ENTP
Natalie Washington,Female,ISFP
Meryl Johansson,Male,INFJ
Elon Reeves,Female,ESTJ
Chris Craig,Male,INFP
Oprah Hemsworth,Male,ENFP
Sigourney Lovelace,Male,ISFP
Tom Downey,Female,ENTJ
Oprah Streep,Female,ENFJ
Benedict Roberts,Male,ENTJ
Daniel Hawking,Male,INFJ
Angela Fenty,Male,ESTP
Natalie Downey,Female,INFJ
Oprah Swift,Male,ISFP
Morgan Knowles,Male,ENTJ
Natalie Watson,Male,ESTP
Taylor da Vinci,Male,INFP
Alan Watson,Male,ESTP
Beyonce Hawking,Female,ESTP
Nikola Cumberbatch,Male,ENTJ
Keanu Hawking,Female,ESFP
Rihanna Hawking,Female,INTJ
Scarlett Watson,Male,INTP
Julia Downey,Male,INFP
Daniel Obama,Female,ISFJ
Barack Ford,Female,ENTP
Mark Reeves,Male,ENFJ
Brad Pitt,Male,INFJ
Tom Hawking,Female,ISTJ
Mark Hanks,Male,ENTJ
Denzel Lovelace,Female,ENTJ
Stephen Pitt,Female,INTJ
Elon Johansson,Male,ENFJ
Angelina Merkel,Male,ESTP
Nikola Johansson,Male,INFP
Elon Fenty,Female,ESFJ
Daniel Lawrence,Female,INTP
Scarlett Jobs,Female,ISTP
Marie Newton,Male,INTP
Mark Watson,Female,ENFP
Keanu Cuban,Male,ISTJ
Meryl Jobs,Male,ESFP
Chris Portman,Female,ENFP
Beyonce Weaver,Female,ISFJ
Daniel Ramanujan,Female,ISTP
Oprah Musk,Female,ENTJ
Elon Musk,Female,INTJ
Taylor Freeman,Female,ISFJ
Brad Ramanujan,Female,ENTJ
Taylor Lawrence,Female,ENTJ
Zuckerberg Johansson,Male,ISFJ
Morgan Curie,Male,ISTJ
Zuckerberg Franklin,Male,INTJ
Scarlett Cuban,Female,INTP
Leonardo Streep,Female,ENFJ
Leonardo Washington,Male,ISTP
Emma Pitt,Male,ENTJ
Albert Pitt,Male,ENTP
Albert Johansson,Male,ISTP
Benedict Portman,Male,ISTJ
Stephen Freeman,Male,INTP
Marie Watson,Female,ENTP
Keanu Franklin,Female,ESTP
Angelina Newton,Female,ENTJ
Elon Einstein,Female,INFJ
Taylor Portman,Female,ISTP
Angela Pitt,Male,INFP
Tom Watson,Male,ENTJ
Srinivasa Washington,Male,ESTP
Srinivasa Downey,Female,INFP
Charles Ford,Male,INFP
Taylor Johansson,Female,ESFP
Oprah Galilei,Female,ENTJ
Julia Darwin,Male,ESTJ
Meryl Galilei,Female,INTP
Barack Hemsworth,Female,ISFP
Natalie Craig,Female,ENFJ
Scarlett Johansson,Male,INTP
Natalie Jobs,Female,INTJ
Albert Weaver,Male,ISTJ
Ada Galilei,Male,INTP
Zuckerberg Streep,Female,INFP
Barack Turing,Female,ESFP
Alan Freeman,Male,INTP
Ada Winfrey,Female,ENFP
Leonardo Curie,Female,ENFP
Scarlett Musk,Male,ENTJ
Barack Einstein,Male,ESFJ
Albert Curie,Female,INTP
Chris Franklin,Female,ISTJ
Morgan Musk,Male,ENFP
Morgan Craig,Male,ENFJ
Zuckerberg Ford,Female,ESTJ
Natalie Einstein,Male,ESFP
Meryl Freeman,Male,ENTP
Sigourney Musk,Female,ENFP
Keanu Fenty,Female,ENFP
Ada Musk,Male,ENFJ
Emma Roberts,Female,ESTJ
Meryl Franklin,Male,ENFJ
Beyonce Merkel,Female,ISFP
Marie Obama,Male,ISTJ
Oprah Lovelace,Female,ESFJ
Denzel Reeves,Male,ISFP
Denzel Newton,Female,ENFJ
Robert Jolie,Male,INTJ
Srinivasa Winfrey,Male,INTP
Meryl Tesla,Female,INTP
Mark Turing,Male,INFJ
Barack Franklin,Male,INTJ
Julia Weaver,Male,ENFP
Mark Hemsworth,Male,ENTJ
Tom Freeman,Female,INFP
Srinivasa Galilei,Female,ISFP
Alan Reeves,Female,ENTJ
Galileo Fenty,Female,ISFJ
Denzel Watson,Male,ENTJ
Harrison Weaver,Female,ENTP
Jennifer Galilei,Female,ISFP
Ada Ramanujan,Male,ENTP
Galileo Lawrence,Female,INTP
Albert Ramanujan,Female,INFP
Zuckerberg Lawrence,Female,ENFJ
Rihanna Musk,Female,ESTJ
Rihanna Watson,Female,ISTJ
Galileo Portman,Male,ESFP
Charles Lovelace,Male,INTP
Marie Lawrence,Male,ESTP
Morgan Pitt,Female,ISFJ
Scarlett Ford,Male,ENFJ
Scarlett Hanks,Female,ISFP
Barack Hawking,Female,INTJ
Elon Swift,Female,ENFP
Jennifer Downey,Male,ESTP
Harrison Lawrence,Male,ISTJ
Marie Galilei,Female,ISTJ
Emma Galilei,Female,ISTP
Angelina Johansson,Male,INFP
Tom Darwin,Male,ISFP
Taylor Obama,Male,ISFJ
Jennifer da Vinci,Female,ESFJ
Stephen Curie,Male,INTP
Beyonce Franklin,Male,INFJ
Barack Lawrence,Female,ENTJ
Oprah Downey,Male,ENTJ
Beyonce Fenty,Male,ISTP
Beyonce Jobs,Female,ENTP
Rihanna Jolie,Female,INTJ
Keanu Portman,Female,ESTP
Charles Watson,Female,INTP
Oprah Pitt,Male,ENFP
Alan Weaver,Female,ISFJ
Denzel Einstein,Male,ENTJ
Sigourney Jolie,Male,ISFP
Taylor Pitt,Female,ENFJ
Taylor Cumberbatch,Male,ISTP
Emma Merkel,Female,ENTP
Leonardo Darwin,Male,ENFJ
Charles Craig,Female,INFP
Beyonce Washington,Female,ENFJ
Robert Johansson,Female,INTP
Robert Hemsworth,Female,ESTJ
Natalie Galilei,Female,INFJ
Meryl Einstein,Female,ISFP
Isaac da Vinci,Male,ISTJ
Scarlett Jolie,Female,ISTP
Leonardo Tesla,Male,ENFP
Beyonce Reeves,Female,ISTP
Rosalind Musk,Male,ESFP
Zuckerberg Cuban,Male,INFJ
Taylor Hemsworth,Male,INFP
Charles Roberts,Male,INFJ
Rihanna Knowles,Male,ESTP
Meryl da Vinci,Female,ENFP
Sigourney Swift,Male,INTP
Daniel Downey,Female,ESFJ
Tom Pitt,Male,ESTP
Isaac Downey,Male,ESFJ
Isaac Portman,Female,ENTP
Emma Curie,Male,ESTP
Leonardo Franklin,Male,ESTJ
Brad da Vinci,Female,INFJ
Taylor Swift,Male,ENFJ
Isaac Jobs,Male,ISTJ
Denzel Darwin,Male,INFJ
Daniel Pitt,Female,INTJ
Scarlett Lawrence,Female,ENFP
Keanu Jolie,Female,INTP
Srinivasa Portman,Male,ESFJ
Isaac Tesla,Female,INFJ
Galileo Roberts,Male,INTJ
Mark Johansson,Male,INFJ
Isaac Galilei,Female,INTJ
Scarlett Fenty,Female,INTP
Daniel Darwin,Female,ISTP
Beyonce Ford,Male,ESTJ
Denzel Hemsworth,Male,ENTJ
Chris Einstein,Female,ESTJ
Alan Tesla,Male,ENFJ
Chris da Vinci,Female,ISTP
Morgan Lovelace,Male,ENFJ
Robert Winfrey,Male,INFP
Harrison Hanks,Female,ENFP
Brad Portman,Female,INTJ
Galileo Hanks,Male,ESTP
Julia Fenty,Female,ISTJ
Brad Cumberbatch,Male,ESFP
Julia Jolie,Female,ENFP
Nikola Roberts,Female,ENTJ
Beyonce Galilei,Male,INTJ
Isaac Washington,Male,ENTP
Barack Tesla,Male,ENFJ
Meryl Watson,Male,ESTP
Charles Obama,Male,INTP
Isaac Reeves,Male,ESTJ
Galileo Pitt,Male,ISTP
Rosalind Weaver,Female,ESTJ
Rihanna Cuban,Male,INFP
Albert Hawking,Female,ENTJ
Natalie Portman,Female,ENFP
Jennifer Darwin,Male,INFP
Jennifer Pitt,Male,ENFJ
Isaac Lovelace,Female,INTJ
Chris Roberts,Male,ENFP
Leonardo Ford,Male,ENFP
Srinivasa Einstein,Female,INFP
Keanu Newton,Female,ISTP
Leonardo Hemsworth,Male,INFP
Keanu Winfrey,Female,ISFJ
Benedict Streep,Female,ISTP
Angelina Winfrey,Female,INFJ
Nikola Hawking,Female,ESFP
Benedict Ramanujan,Female,ENTP
Natalie Lovelace,Female,ENFJ
Alan Lovelace,Female,ISFJ
Sigourney Weaver,Female,INFP
Jennifer Obama,Female,ISTJ
Robert Galilei,Male,INFJ
Oprah Reeves,Male,INFJ
Barack Obama,Male,ISFJ
Marie Darwin,Male,ESTP
Galileo Downey,Female,ENTJ
Albert Newton,Female,ESFJ
Mark Weaver,Female,ISTP
Elon Franklin,Male,ENFP
Albert Hanks,Female,ISFJ
Isaac Obama,Female,ENTJ
Taylor Knowles,Male,ESFP
Albert da Vinci,Female,ESTJ
Angela Streep,Female,ISFJ
Brad Cuban,Female,ISTP
Natalie Freeman,Female,ISTP
Zuckerberg Freeman,Male,ESTP
Emma da Vinci,Female,INTP
Elon Freeman,Male,ENFJ
Brad Curie,Male,INFJ
Daniel da Vinci,Male,ISTP
Zuckerberg Craig,Male,ISTP
Benedict Knowles,Male,INTP
Barack Streep,Female,ESFP
Srinivasa Obama,Male,ISTJ
Brad Ford,Male,ISFJ
Morgan Obama,Female,ESFP
Leonardo Musk,Male,ESFP
Nikola Reeves,Female,ENFP
Tom Roberts,Female,INTP
Oprah Cuban,Male,INTP
Morgan Lawrence,Female,ENTP
Keanu Pitt,Male,ISFJ
Alan Hanks,Female,ENFJ
Marie Turing,Male,ISFP
Robert Swift,Male,ESTJ
Angela Franklin,Female,INFJ
Daniel Jobs,Female,INFJ
Rihanna Merkel,Female,ESFJ
Morgan Turing,Male,ENTP
Mark Newton,Female,ISFP
Angela Galilei,Female,ESFP
Leonardo Hanks,Female,ISTJ
Brad Galilei,Male,ENFP
Stephen Weaver,Male,ENTJ
Rosalind Obama,Male,ESTJ
Angela Washington,Male,INTP
Marie Merkel,Female,ISTP
Tom Cuban,Female,INTJ
Stephen Jolie,Male,ENTJ
Zuckerberg Watson,Female,ENFP
Jennifer Hemsworth,Female,INTP
Chris Weaver,Male,ISFJ
Julia Obama,Male,ESFJ
Keanu Swift,Female,ENFJ
Isaac Craig,Female,ENFJ
Elon Hemsworth,Male,ENFP
Albert Reeves,Female,ESFJ
Julia Einstein,Female,ENFJ
Meryl Winfrey,Female,ENTJ
Morgan Watson,Male,ISFJ
Natalie Turing,Male,ISFJ
Alan Streep,Female,ESFJ
Rosalind Darwin,Male,INTJ
Rihanna Galilei,Male,ENFP
Isaac Swift,Female,INFP
Elon Darwin,Female,INFP
Mark Ramanujan,Male,INTJ
Nikola Fenty,Female,ENFJ
Natalie Fenty,Female,ESTJ
Oprah Jolie,Female,ISTJ
Galileo Obama,Female,ENFJ
Beyonce Winfrey,Male,ESTJ
Keanu Downey,Male,ISFP
Albert Tesla,Male,INTP
Angelina Pitt,Male,ENFJ
Mark Franklin,Female,ESTJ
Elon Streep,Female,ENFP
Daniel Curie,Female,ISFJ
Barack Musk,Male,ISTJ
Barack Downey,Male,ENFJ
Elon Pitt,Female,ISTP
Nikola Knowles,Male,ENFP
Emma Johansson,Female,ISFJ
Charles Knowles,Male,ESFP
Albert Jolie,Male,ENFJ
Angelina Cuban,Female,ISFJ
Elon Cumberbatch,Male,ESTP
Keanu Watson,Male,INFP
Denzel da Vinci,Male,ISFJ
Zuckerberg Roberts,Female,ENTJ
Nikola Portman,Female,ENTJ
Angela da Vinci,Female,ISTJ
Beyonce Curie,Male,ENFP
Julia Swift,Female,ENTJ
Morgan Hemsworth,Female,ESFP
Brad Streep,Male,ENFP
Taylor Downey,Female,ISTP
Nikola Jobs,Male,INFP
Tom Franklin,Female,ENFP
Emma Obama,Female,ESFJ
Natalie Merkel,Male,INTJ
Nikola Jolie,Female,ESFP
Mark Winfrey,Male,ENFP
Brad Hawking,Female,ISFJ
Taylor Hanks,Female,ESFP
Morgan Downey,Female,ESTP
Taylor Einstein,Male,ENFP
Mark Obama,Female,ESTJ
Stephen Watson,Male,ENTP
Scarlett Newton,Female,ISFJ
Robert Hanks,Female,ISTP
Elon Galilei,Male,INFJ
Beyonce Darwin,Female,ISFJ
Rihanna Hemsworth,Female,ENFP
Stephen Portman,Female,ESFP
Rosalind Hawking,Male,ISFP
Srinivasa Cuban,Male,ESTP
Julia Washington,Male,INFP
Stephen Newton,Male,INTP
Taylor Jobs,Female,ESTP
Oprah Obama,Female,ENTP
Charles Hawking,Female,ENTP
Stephen Swift,Female,INTP
Alan Cumberbatch,Male,INFJ
Sigourney Hanks,Male,ENTP
Albert Washington,Female,ESTJ
Marie Reeves,Female,ESTP
Angela Ford,Female,ENTP
Taylor Winfrey,Female,ESTJ
Harrison Fenty,Female,ISTP
Albert Ford,Male,ISTP
Tom Musk,Female,ISTJ
Keanu Merkel,Female,INFJ
Zuckerberg Einstein,Female,ESTP
Benedict Winfrey,Female,ISTP
Charles Merkel,Female,ESFJ
Ada Turing,Male,INTJ
Stephen Merkel,Female,ISTJ
Jennifer Knowles,Male,ESFJ
Taylor Curie,Male,ISTJ
Oprah Merkel,Female,ISTJ
Galileo Tesla,Male,ENTP
Barack da Vinci,Female,ENFP